neighbourhood,Year,Month,PM10 particulate matter (Hourly measured),PM2.5 particulate matter (Hourly measured),AQI_PM25_category,AQI_PM10_category
London Bexley,2023,8,10.035483870967743,6.156419354838709,Good,Good
London Bexley,2023,9,20.12,14.704433333333332,Moderate,Good
London Bexley,2023,10,10.951612903225806,6.792612903225806,Good,Good
London Bexley,2023,11,12.933333333333334,8.474866666666667,Good,Good
London Bexley,2023,12,11.248387096774191,7.474161290322581,Good,Good
London Bexley,2024,1,14.574193548387097,9.558774193548388,Good,Good
London Bexley,2024,2,10.762068965517242,6.467172413793104,Good,Good
London Bexley,2024,3,14.04516129032258,10.353096774193547,Good,Good
London Bexley,2024,4,9.183333333333334,5.673,Good,Good
London Bexley,2024,5,15.693548387096774,11.43041935483871,Good,Good
London Bexley,2024,6,12.683333333333334,7.8711,Good,Good
London Bexley,2024,7,8.680645161290323,5.502193548387097,Good,Good
London Bexley,2024,8,10.948387096774194,6.865516129032257,Good,Good
London Bexley,2024,9,14.136666666666668,9.710733333333334,Good,Good
London Bexley,2024,10,11.470967741935484,7.175935483870968,Good,Good
London Bexley,2024,11,17.259999999999998,13.232833333333334,Moderate,Good
London Bexley,2024,12,10.316129032258065,7.544225806451613,Good,Good
London Bexley,2025,1,19.43478260869565,14.403612903225806,Moderate,Good
London Bexley,2025,2,23.360714285714288,18.429964285714284,Moderate,Good
London Bexley,2025,3,29.39354838709677,21.96603225806452,Moderate,Good
London Bexley,2025,4,19.46,13.128933333333332,Moderate,Good
London Bexley,2025,5,16.229032258064517,10.596483870967742,Good,Good
London Bexley,2025,6,12.853333333333332,7.820833333333334,Good,Good
London Bexley,2025,7,12.261290322580646,7.364612903225806,Good,Good
London Bexley,2025,8,11.66451612903226,6.874677419354839,Good,Good
London Bloomsbury,2023,8,8.304032258064517,5.022967741935484,Good,Good
London Bloomsbury,2023,9,17.58,12.539433333333331,Moderate,Good
London Bloomsbury,2023,10,10.266935483870968,6.5634516129032265,Good,Good
London Bloomsbury,2023,11,12.946666666666664,8.433133333333334,Good,Good
London Bloomsbury,2023,12,11.89782608695652,7.722565217391304,Good,Good
London Bloomsbury,2024,1,12.35,7.653689655172413,Good,Good
London Bloomsbury,2024,2,10.719827586206897,6.223275862068966,Good,Good
London Bloomsbury,2024,3,12.703225806451613,9.15858064516129,Good,Good
London Bloomsbury,2024,4,8.998333333333333,5.386033333333334,Good,Good
London Bloomsbury,2024,5,13.589516129032257,9.808258064516128,Good,Good
London Bloomsbury,2024,6,9.135833333333332,5.7178,Good,Good
London Bloomsbury,2024,7,7.611290322580645,4.634129032258064,Good,Good
London Bloomsbury,2024,8,10.896774193548389,6.599225806451613,Good,Good
London Bloomsbury,2024,9,13.264166666666666,8.927633333333334,Good,Good
London Bloomsbury,2024,10,12.037903225806453,6.870806451612904,Good,Good
London Bloomsbury,2024,11,22.1375,17.94633333333333,Moderate,Good
London Bloomsbury,2024,12,9.93448275862069,6.704689655172414,Good,Good
London Bloomsbury,2025,1,17.03306451612903,12.46583870967742,Moderate,Good
London Bloomsbury,2025,2,19.289285714285715,14.901535714285714,Moderate,Good
London Bloomsbury,2025,3,24.580645161290324,18.55609677419355,Moderate,Good
London Bloomsbury,2025,4,15.376666666666669,10.4497,Good,Good
London Bloomsbury,2025,5,12.665322580645162,7.834096774193548,Good,Good
London Bloomsbury,2025,6,9.749166666666667,6.092766666666667,Good,Good
London Bloomsbury,2025,7,8.730645161290322,4.959709677419355,Good,Good
London Bloomsbury,2025,8,11.390322580645162,6.498903225806452,Good,Good
London Marylebone Road,2023,8,12.206366666774194,9.266666666677418,Good,Good
London Marylebone Road,2023,9,21.288733333333333,17.266666666666666,Moderate,Good
London Marylebone Road,2023,10,14.355,10.964285713870968,Good,Good
London Marylebone Road,2023,11,16.592034482666666,11.678571428666666,Good,Good
London Marylebone Road,2023,12,15.490387096774194,9.64516129032258,Good,Good
London Marylebone Road,2024,1,22.70581818129032,11.923076922580645,Good,Good
London Marylebone Road,2024,2,16.59193103448276,10.482758620689657,Good,Good
London Marylebone Road,2024,3,17.422806451612903,13.161290322580646,Moderate,Good
London Marylebone Road,2024,4,13.216285714,6.7,Good,Good
London Marylebone Road,2024,5,18.894629629677414,13.407407407741935,Moderate,Good
London Marylebone Road,2024,6,15.759103448333333,8.896551724133333,Good,Good
London Marylebone Road,2024,7,12.124225806451612,8.66666666667742,Good,Good
London Marylebone Road,2024,8,17.570555556129033,10.928571428709676,Good,Good
London Marylebone Road,2024,9,17.688846153333333,13.0,Moderate,Good
London Marylebone Road,2024,10,17.266774193548386,12.03225806451613,Moderate,Good
London Marylebone Road,2024,11,25.880357142666664,16.285714285999997,Moderate,Good
London Marylebone Road,2024,12,16.144870967741934,9.35483870967742,Good,Good
London Marylebone Road,2025,1,26.777535713870968,19.464285713870968,Moderate,Good
London Marylebone Road,2025,2,27.57125,19.607142857142858,Moderate,Good
London Marylebone Road,2025,3,35.25077419354839,26.032258064516128,Moderate,Good
London Marylebone Road,2025,4,25.47903703733333,16.444444444000002,Moderate,Good
London Marylebone Road,2025,5,21.381064516129037,14.064516129032258,Moderate,Good
London Marylebone Road,2025,6,20.322366666666667,13.9,Moderate,Good
London Marylebone Road,2025,7,19.91053571387097,10.642857142580644,Good,Good
London Marylebone Road,2025,8,19.76035483870968,10.387096774193548,Good,Good
London North Kensington,2023,8,9.52258064516129,5.313612903225807,Good,Good
London North Kensington,2023,9,16.736666666666668,11.717033333333331,Good,Good
London North Kensington,2023,10,10.325806451612904,6.725516129032258,Good,Good
London North Kensington,2023,11,12.443333333333332,8.368033333333333,Good,Good
London North Kensington,2023,12,9.793548387096775,6.546032258064516,Good,Good
London North Kensington,2024,1,11.7,7.805903225806452,Good,Good
London North Kensington,2024,2,10.124137931034484,6.242586206896552,Good,Good
London North Kensington,2024,3,13.258064516129032,9.793064516129032,Good,Good
London North Kensington,2024,4,8.776666666666667,5.512666666666666,Good,Good
London North Kensington,2024,5,14.483870967741936,10.486870967741936,Good,Good
London North Kensington,2024,6,9.546666666666663,5.978033333333333,Good,Good
London North Kensington,2024,7,8.07741935483871,4.896516129032258,Good,Good
London North Kensington,2024,8,11.913333333333332,7.223333333333333,Good,Good
London North Kensington,2024,9,29.03333333333333,14.933333333333334,Moderate,Good
London North Kensington,2024,10,21.161290322580644,12.419354838709678,Moderate,Good
London North Kensington,2024,11,32.5,21.366666666666667,Moderate,Good
London North Kensington,2024,12,18.41935483870968,10.903225806451612,Good,Good
London North Kensington,2025,1,29.548387096774192,22.41935483870968,Moderate,Good
London North Kensington,2025,2,33.142857142857146,23.75,Moderate,Good
London North Kensington,2025,3,36.80645161290322,26.41935483870968,Moderate,Good
London North Kensington,2025,4,27.75862068965517,18.93103448275862,Moderate,Good
London North Kensington,2025,5,22.166666666666668,13.529411764705882,Moderate,Good
London North Kensington,2025,6,19.214285714285715,8.428571428571429,Good,Good
London North Kensington,2025,7,18.06451612903226,8.580645161290322,Good,Good
London North Kensington,2025,8,20.90322580645161,9.806451612903226,Good,Good
